timestamp(ms);mag;fx;x_raw;y_raw;z_raw;
"1776621555.944";"686.89";;;;;
"1776621555.945";;"71.02";"0";"0";"0";
"1776621556.066";"1186.03";"105.83";"1533";"559";"19202";
"1776621556.187";"1360.37";"125.32";"1400";"-209";"14427";
"1776621556.308";"952.26";"87.72";"0";"0";"0";
"1776621556.429";"1327.39";"2.04";"-1622";"-3380";;
"1776621556.43";;;;;"18003";
"1776621556.55";"1577.77";"68.74";;;;
"1776621556.551";;;"1839";"-2001";"17571";
"1776621556.671";"1672.06";"-45.25";;;;
"1776621556.672";;;"-2551";"-669";"15521";
"1776621556.793";"1170.44";"-31.68";"0";"0";"0";
"1776621556.914";"1498.43";"-33.52";"-310";"-2258";"18425";
"1776621557.035";"1628.61";"-15.7";;;;
"1776621557.036";;;"212";"1094";"15949";
"1776621557.156";"1140.03";;;;;
"1776621557.157";;"-10.99";"0";"0";"0";
"1776621557.279";"798.02";"-7.7";"0";"0";"0";
"1776621557.398";"1356.83";;;;;
"1776621557.399";;"82.97";"2414";;;
"1776621557.4";;;;"-1128";"21712";
"1776621557.521";"1471.86";"47.24";"-296";"-382";"14289";
"1776621557.642";"1030.3";"33.07";"0";"0";"0";
"1776621557.762";"1393.7";;;;;
"1776621557.763";;"26.15";"82";"-36";"18384";
"1776621557.884";"1735.99";"90.41";"1970";"-857";"20701";
"1776621558.023";"1215.19";"63.28";"0";"0";"0";
"1776621558.126";"850.64";;;;;
"1776621558.128";;"44.3";"0";"0";"0";
"1776621558.247";"1247.67";;;;;
"1776621558.248";;"78.99";"1311";"-714";"17760";
"1776621558.368";"1624.82";"137.46";"2245";;;
"1776621558.369";;;;"-1406";"20378";
"1776621558.49";"1137.37";"96.22";"0";"0";"0";
"1776621558.61";"796.16";;;;;
"1776621558.611";;"67.36";"0";"0";"0";
"1776621558.732";"1161.01";"83.64";"997";"484";"16485";
"1776621558.853";"1394.14";;;;;
"1776621558.854";;"140.46";"2238";"-1278";"15722";
"1776621558.974";"975.9";"98.32";"0";"0";"0";
"1776621559.095";"1179.65";;;;;
"1776621559.096";;"136.21";"1841";"235";"13456";
"1776621559.216";"1372.85";;;;;
"1776621559.217";;"121.15";"705";"-134";"14952";
"1776621559.338";"960.99";"84.8";"0";"0";"0";
"1776621559.459";"672.7";"59.36";"0";"0";"0";
"1776621559.58";"1012.42";"132.98";"2498";"544";"14605";
"1776621559.702";"1350.01";"160.47";"1841";"-82";"17430";
"1776621559.823";"945.01";"112.33";"0";"0";"0";
"1776621559.944";"661.51";"78.63";"0";"0";"0";
"1776621560.065";"1188.67";"155.98";"2758";"-1294";"19611";
"1776621560.186";"1536.37";;;;;
"1776621560.187";;"152.52";"1184";"-1587";"19177";
"1776621560.307";"1075.46";;;;;
"1776621560.308";;"106.77";;;;
"1776621560.309";;;"0";"0";"0";
"1776621560.428";"1399.02";;;;;
"1776621560.429";;"165.87";"2490";"1463";"17522";
"1776621560.55";"1608.39";"229.31";"3093";"966";"16913";
"1776621560.671";"1125.87";"160.52";"0";"0";"0";
"1776621560.792";"788.11";;;;;
"1776621560.793";;"112.36";"0";"0";"0";
"1776621560.914";"1242.61";"140.65";"1694";"-654";"18818";
"1776621561.034";"1543.03";"255.29";"4285";"446";"17965";
"1776621561.155";"1080.12";"178.7";"0";;;
"1776621561.156";;;;"0";"0";
"1776621561.276";"756.08";"125.09";"0";"0";;
"1776621561.277";;;;;"0";
"1776621561.397";"1160.42";;;;;
"1776621561.398";;"166.55";;;;
"1776621561.399";;;"2158";"10";"17116";
"1776621561.519";"1392.15";"197.36";"2207";;;
"1776621561.52";;;;"303";"15687";
"1776621561.64";"974.51";"138.15";"0";"0";"0";
"1776621561.761";"1352.48";;;;;
"1776621561.762";;"247.21";"4112";"145";"17880";
"1776621561.881";"1626.62";;;;;
"1776621561.882";;"219.89";;;;
"1776621561.883";;;"1280";"288";"18602";
"1776621562.004";"1151.69";"231.52";"2120";"0";;
"1776621562.005";;;;;"0";
"1776621562.124";"806.19";"162.06";"0";"0";;
"1776621562.125";;;;;"0";
"1776621562.246";"1266.22";"286.96";"4741";"-1309";"18574";
"1776621562.366";"1539.64";;;;;
"1776621562.367";;"258.7";"1580";;;
"1776621562.368";;;;"54";"17888";
"1776621562.488";"1077.75";"181.09";"0";"0";"0";
"1776621562.609";"754.42";"126.76";"0";"0";"0";
"1776621562.73";"1146.23";"173.43";"2314";"-73";"16734";
"1776621562.851";"1420.85";;;;;
"1776621562.852";;"156.94";"971";"-2356";"16828";
"1776621562.973";"994.59";"109.86";"0";"0";"0";
"1776621563.094";"1315.47";;;;;
"1776621563.095";;"61.16";"-430";"-540";"16994";
"1776621563.215";"1446.72";"63.75";"572";"-1941";"14259";
"1776621563.336";"1012.71";"44.62";"0";"0";;
"1776621563.337";;;;;"0";
"1776621563.458";"708.89";"31.24";"0";;;
"1776621563.459";;;;"0";"0";
"1776621563.578";"1078.68";"21.39";"-13";"-812";"15904";
"1776621563.699";"1374.3";"75.03";"1641";"-1760";"16782";
"1776621563.82";"962.01";"52.52";"0";;;
"1776621563.821";;;;"0";"0";
"1776621563.941";"673.41";;;;;
"1776621563.942";;"36.77";;;;
"1776621563.943";;;"0";"0";"0";
"1776621564.062";"1069.78";;;;;
"1776621564.063";;"53.81";"767";"-1324";"16278";
"1776621564.184";"1410.21";;;;;
"1776621564.185";;"119.87";"2246";"-850";"17942";
"1776621564.305";"987.14";"83.91";"0";;;
"1776621564.306";;;;"0";"0";
"1776621564.426";"1260.8";"77";"499";"-842";"15550";
"1776621564.547";"1485.44";;;;;
"1776621564.548";;"94.42";"1107";"702";"16472";
"1776621564.668";"1638.91";;;;;
"1776621564.669";;"114.33";"1318";"-563";"16309";
"1776621564.789";"1147.24";"80.03";;;;
"1776621564.79";;;"0";"0";"0";
"1776621564.911";"1371.7";;;;;
"1776621564.912";;"63.27";"198";"-1542";"15499";
"1776621565.032";"1505.66";"131.03";"2370";"-623";"14763";
"1776621565.154";"1053.96";;;;;
"1776621565.155";;"91.72";"0";"0";"0";
"1776621565.274";"737.77";;;;;
"1776621565.275";;"64.2";"0";"0";"0";
"1776621565.395";"1223.36";"32.13";"-350";"-5760";"18742";
"1776621565.517";"1519.55";"88.15";"1794";"-3078";"17797";
"1776621565.638";"1063.69";"61.71";"0";"0";"0";
"1776621565.759";"1411.63";"112.22";"1886";"-1474";;
"1776621565.76";;;;;"18129";
"1776621565.88";"1706.78";"45.14";"-913";"-6347";"18869";
"1776621566.001";"1783.86";"98.14";"1818";"-1414";;
"1776621566.002";;;;;"16060";
"1776621566.123";"1248.7";"68.7";"0";"0";"0";
"1776621566.243";"1542.19";;;;;
"1776621566.244";;"81.32";"908";;;
"1776621566.245";;;;"-684";"18315";
"1776621566.365";"1655.74";"38.04";"-516";"-2198";;
"1776621566.366";;;;;"15622";
"1776621566.487";"1159.02";"26.63";"0";"0";"0";
"1776621566.607";"811.31";"18.64";"0";"0";"0";
"1776621566.728";"1189.14";"86.5";"2007";"-2491";"16709";
"1776621566.849";"1397.82";"97.99";"1023";"-3018";;
"1776621566.85";;;;;"15134";
"1776621566.97";"978.48";;;;;
"1776621566.971";;"68.6";"0";"0";"0";
"1776621567.091";"1279.8";;;;;
"1776621567.092";;"90.47";"1160";"228";"16343";
"1776621567.213";"1535.72";"2.36";"-1666";"-4502";"17124";
"1776621567.333";"1634.55";;;;;
"1776621567.334";;"69.25";"1847";;;
"1776621567.335";;;;"1960";"15523";
"1776621567.455";"1144.19";"48.47";"0";"0";"0";
"1776621567.576";"1436.21";;;;;
"1776621567.577";;"70.82";"1008";"32";"17346";
"1776621567.697";"1749.43";"69.27";;;;
"1776621567.698";;;"538";"-1866";"20262";
"1776621567.818";"1224.6";;;;;
"1776621567.819";;"48.49";"0";"0";"0";
"1776621567.94";"857.22";"33.94";"0";"0";"0";
"1776621568.061";"1101.21";"-16.24";;;;
"1776621568.062";;;"-1093";"-654";"13687";
"1776621568.182";"1349.48";"166.07";"4848";"1576";"15558";
"1776621568.303";"944.64";;;;;
"1776621568.304";;"116.25";"0";"0";"0";
"1776621568.424";"1242.41";"211.59";;;;
"1776621568.425";;;"3558";"1177";"15492";
"1776621568.545";"1482.62";"185.16";;;;
"1776621568.546";;;"1012";"-111";"16788";
"1776621568.667";"1542.81";"199.88";"1920";"853";;
"1776621568.668";;;;;"13645";
"1776621568.788";"1079.97";"139.92";"0";"0";"0";
"1776621568.909";"1266.51";"142.37";"1214";"906";"13878";
"1776621569.03";"1568.11";"147.75";"1314";"-1309";"18611";
"1776621569.151";"1097.68";"103.43";"0";"0";"0";
"1776621569.272";"768.37";;;;;
"1776621569.273";;"72.4";"0";"0";"0";
"1776621569.394";"1114.08";"-35.7";"-2360";"-2521";"15684";
"1776621569.515";"1424.19";"49.6";"2038";"-2092";"17473";
"1776621569.636";"996.94";"34.72";"0";"0";;
"1776621569.637";;;;;"0";
"1776621569.757";"1371.62";;;;;
"1776621569.758";;"87.59";"1729";"228";"18402";
"1776621569.878";"1534.95";"84.95";"646";"-8124";;
"1776621569.879";;;;;"14675";
"1776621570";"1642.8";"75.35";"434";"1742";"16004";
"1776621570.121";"1149.96";"52.75";"0";;;
"1776621570.122";;;;"0";"0";
"1776621570.242";"1291.93";"80.59";"1193";"409";"13331";
"1776621570.363";"1673.41";"157.87";"2772";"-88";"20871";
"1776621570.484";"1171.38";"110.51";;;;
"1776621570.485";;;"0";"0";"0";
"1776621570.606";"819.97";"77.35";;;;
"1776621570.607";;;"0";"0";"0";
"1776621570.727";"1246.04";;;;;
"1776621570.728";;"97.48";"1184";"266";"18335";
"1776621570.848";"1628.57";"172.11";"2838";"-1339";;
"1776621570.849";;;;;"20464";
